Borough,Neighborhood
Центральный административный округ,район Арбат Москва
Центральный административный округ,Басманный район Москва
Центральный административный округ,район Замоскворечье Москва
Центральный административный округ,Красносельский район Москва
Центральный административный округ,Мещанский район Москва
Центральный административный округ,Пресненский район Москва
Центральный административный округ,Таганский район Москва
Центральный административный округ,Тверской район Москва
Центральный административный округ,район Хамовники Москва
Центральный административный округ,район Якиманка Москва
Северный административный округ,район Аэропорт Москва
Северный административный округ,район Беговой Москва
Северный административный округ,Бескудниковский район Москва
Северный административный округ,Войковский район Москва
Северный административный округ,район Восточное Дегунино Москва
Северный административный округ,Головинский район Москва
Северный административный округ,Дмитровский район Москва
Северный административный округ,район Западное Дегунино Москва
Северный административный округ,район Коптево Москва
Северный административный округ,район Левобережный Москва
Северный административный округ,Молжаниновский район Москва
Северный административный округ,Савёловский район Москва
Северный административный округ,район Сокол Москва
Северный административный округ,Тимирязевский район Москва
Северный административный округ,район Ховрино Москва
Северный административный округ,Хорошёвский район Москва
Северо-Восточный административный округ,Алексеевский район Москва
Северо-Восточный административный округ,Алтуфьевский район Москва
Северо-Восточный административный округ,Бабушкинский район Москва
Северо-Восточный административный округ,район Бибирево Москва
Северо-Восточный административный округ,Бутырский район Москва
Северо-Восточный административный округ,район Лианозово Москва
Северо-Восточный административный округ,Лосиноостровский район Москва
Северо-Восточный административный округ,район Марфино Москва
Северо-Восточный административный округ,район Марьина Роща Москва
Северо-Восточный административный округ,Останкинский район Москва
Северо-Восточный административный округ,район Отрадное Москва
Северо-Восточный административный округ,район Ростокино Москва
Северо-Восточный административный округ,район Свиблово Москва
Северо-Восточный административный округ,район Северный Москва
Северо-Восточный административный округ,район Северное Медведково Москва
Северо-Восточный административный округ,район Южное Медведково Москва
Северо-Восточный административный округ,Ярославский район Москва
Восточный административный округ,район Богородское Москва
Восточный административный округ,район Вешняки Москва
Восточный административный округ,район Восточный Москва
Восточный административный округ,район Восточное Измайлово Москва
Восточный административный округ,район Гольяново Москва
Восточный административный округ,район Ивановское Москва
Восточный административный округ,район Измайлово Москва
Восточный административный округ,район Косино-Ухтомский Москва
Восточный административный округ,район Метрогородок Москва
Восточный административный округ,район Новогиреево Москва
Восточный административный округ,район Новокосино Москва
Восточный административный округ,район Перово Москва
Восточный административный округ,район Преображенское Москва
Восточный административный округ,район Северное Измайлово Москва
Восточный административный округ,район Соколиная Гора Москва
Восточный административный округ,район Сокольники Москва
Юго-Восточный административный округ,район Выхино-Жулебино Москва
Юго-Восточный административный округ,район Капотня Москва
Юго-Восточный административный округ,район Кузьминки Москва
Юго-Восточный административный округ,район Лефортово Москва
Юго-Восточный административный округ,район Люблино Москва
Юго-Восточный административный округ,район Марьино Москва
Юго-Восточный административный округ,район Некрасовка Москва
Юго-Восточный административный округ,Нижегородский район Москва
Юго-Восточный административный округ,район Печатники Москва
Юго-Восточный административный округ,Рязанский район Москва
Юго-Восточный административный округ,район Текстильщики Москва
Юго-Восточный административный округ,Южнопортовый район Москва
Южный административный округ,район Бирюлёво Восточное Москва
Южный административный округ,район Бирюлёво Западное Москва
Южный административный округ,район Братеево Москва
Южный административный округ,Даниловский район Москва
Южный административный округ,Донской район Москва
Южный административный округ,район Зябликово Москва
Южный административный округ,район Москворечье-Сабурово Москва
Южный административный округ,район Нагатино-Садовники Москва
Южный административный округ,район Нагатинский Затон Москва
Южный административный округ,Нагорный район Москва
Южный административный округ,район Орехово-Борисово Северное Москва
Южный административный округ,район Орехово-Борисово Южное Москва
Южный административный округ,район Царицыно Москва
Южный административный округ,район Чертаново Северное Москва
Южный административный округ,район Чертаново Центральное Москва
Южный административный округ,район Чертаново Южное Москва
Юго-Западный административный округ,Академический район Москва
Юго-Западный административный округ,Гагаринский район Москва
Юго-Западный административный округ,район Зюзино Москва
Юго-Западный административный округ,район Коньково Москва
Юго-Западный административный округ,район Котловка Москва
Юго-Западный административный округ,Ломоносовский район Москва
Юго-Западный административный округ,Обручевский район Москва
Юго-Западный административный округ,район Северное Бутово Москва
Юго-Западный административный округ,район Тёплый Стан Москва
Юго-Западный административный округ,район Черёмушки Москва
Юго-Западный административный округ,район Южное Бутово Москва
Юго-Западный административный округ,район Ясенево Москва
Западный административный округ,район Внуково Москва
Западный административный округ,район Дорогомилово Москва
Западный административный округ,район Крылатское Москва
Западный административный округ,район Кунцево Москва
Западный административный округ,Можайский район Москва
Западный административный округ,район Ново-Переделкино Москва
Западный административный округ,район Очаково-Матвеевское Москва
Западный административный округ,район Проспект Вернадского Москва
Западный административный округ,район Раменки Москва
Западный административный округ,район Солнцево Москва
Западный административный округ,район Тропарёво-Никулино Москва
Западный административный округ,район Филёвский Парк Москва
Западный административный округ,район Фили-Давыдково Москва
Северо-Западный административный округ,район Куркино Москва
Северо-Западный административный округ,район Митино Москва
Северо-Западный административный округ,район Покровское-Стрешнево Москва
Северо-Западный административный округ,район Северное Тушино Москва
Северо-Западный административный округ,район Строгино Москва
Северо-Западный административный округ,район Хорошёво-Мнёвники Москва
Северо-Западный административный округ,район Щукино Москва
Северо-Западный административный округ,район Южное Тушино Москва